ETF,MSE,RMSE,MAE,QLIKE,R²
ICLN,0.000341,0.018472,0.012828,-5.619468,0.302762
PBW,0.000458,0.021405,0.015401,-4.915345,0.383535
QCLN,0.000399,0.019986,0.014381,-5.097731,0.369747
